<?xml version="1.0" encoding="utf-8"?>
<eml:eml xmlns:eml="eml://ecoinformatics.org/eml-2.1.1" xmlns:xsi="http://www.w3.org/2001/XMLSchema-instance"
         xsi:schemaLocation="eml://ecoinformatics.org/eml-2.1.1 http://rs.gbif.org/schema/eml-gbif-profile/1.1/eml.xsd"
        packageId="06448b27-4c5c-4296-8ece-a87e124c4f4e"  system="http://gbif.org" scope="system"
  xml:lang="en">

<dataset>
      <alternateIdentifier>10.15468/da5ayi</alternateIdentifier>
        <alternateIdentifier>https://scan-bugs.org:443/portal/collections/misc/collprofiles.php?collid=97</alternateIdentifier>
        <alternateIdentifier>http://scan-bugs.org/portal/collections/misc/collprofiles.php?collid=97</alternateIdentifier>
    <title>Wichita State University Collection</title>
    <creator>
<organizationName>SCAN</organizationName><electronicMailAddress>Neil.Cobb@nau.edu</electronicMailAddress><onlineUrl>https://scan-bugs.org:443/portal/index.php</onlineUrl>    </creator>
    <metadataProvider>
<organizationName>SCAN</organizationName><electronicMailAddress>Neil.Cobb@nau.edu</electronicMailAddress><onlineUrl>https://scan-bugs.org:443/portal/index.php</onlineUrl>    </metadataProvider>
    <associatedParty>
<organizationName>Wichita State University Collection</organizationName><positionName>Collection Manager</positionName><electronicMailAddress>MaryLiz.Jameson@gmail.com</electronicMailAddress>    <role>CONTENT_PROVIDER</role>
    </associatedParty>
      <pubDate>
      2020-10-15
      </pubDate>
    <language>ENGLISH</language>
    <abstract>
        <para>The Wichita State University Biodiversity Laboratory houses the invertebrate collection (WICHI) which contains arthropod specimens that result from regional research (pollination, herbivory, habitat surveys) and international research (primarily Coleoptera: Scarabaeoidea). We aim to make biodiversity data broadly available and assist in research that examines biotic patterns (e.g., insect and host-plant interactions), phylogenetics, spatial distributions, and conservation. Discoveries based on this research assist in documenting the biotic response to climate change, predicting the geographic potential of invasive species, recognizing habitat bio-indicators, among others.</para>
    </abstract>
      <intellectualRights>
        <para>To the extent possible under law, the publisher has waived all rights to these data and has dedicated them to the <ulink url="http://creativecommons.org/publicdomain/zero/1.0/legalcode"><citetitle>Public Domain (CC0 1.0)</citetitle></ulink>. Users may copy, modify, distribute and use the work, including for commercial purposes, without restriction.</para>
      </intellectualRights>
      <contact>
<organizationName>Wichita State University Collection</organizationName><electronicMailAddress>MaryLiz.Jameson@gmail.com</electronicMailAddress>      </contact>

</dataset>

<additionalMetadata>
    <metadata>
      <gbif>
        <dateStamp>2020-12-27T23:08:33Z</dateStamp>
      <citation>Wichita State University Invertebrate Collection (2020). Wichita State University Collection. Occurrence dataset https://doi.org/10.15468/da5ayi accessed via GBIF.org on 2020-12-27.</citation>
        </gbif>
    </metadata>
</additionalMetadata>

</eml:eml>
