<?xml version="1.0" encoding="utf-8"?>
<eml:eml xmlns:eml="eml://ecoinformatics.org/eml-2.1.1" xmlns:xsi="http://www.w3.org/2001/XMLSchema-instance"
         xsi:schemaLocation="eml://ecoinformatics.org/eml-2.1.1 http://rs.gbif.org/schema/eml-gbif-profile/1.1/eml.xsd"
        packageId="32bd22ce-7d3f-4eac-8203-e9f61a19c7f0"  system="http://gbif.org" scope="system"
  xml:lang="en">

<dataset>
      <alternateIdentifier>10.1590/s0073-47212003000400008</alternateIdentifier>
        <alternateIdentifier>32bd22ce-7d3f-4eac-8203-e9f61a19c7f0</alternateIdentifier>
        <alternateIdentifier>10.15468/q1prgb</alternateIdentifier>
        <alternateIdentifier>DD41FFDF990D80314A705E42FF826415</alternateIdentifier>
    <title>Revision Of Brachystethus (Heteroptera, Pentatomidae, Edessinae)</title>
    <creator>
    <individualName>
<givenName>Aline</givenName>          <surName>Barcellos</surName>
    </individualName>
    </creator>
    <creator>
    <individualName>
<givenName>Jocélia</givenName>          <surName>Grazia</surName>
    </individualName>
    </creator>
    <metadataProvider>
    <individualName>
          <surName>tatiana</surName>
    </individualName>
<organizationName>Plazi</organizationName>    </metadataProvider>
    <associatedParty>
<organizationName>Plazi</organizationName>    <address>
<city>Bern</city><country>SWITZERLAND</country>    </address>
<electronicMailAddress>info@plazi.org</electronicMailAddress><onlineUrl>http://plazi.org/</onlineUrl>    <role>PUBLISHER</role>
    </associatedParty>
      <pubDate>
      2003-01-01
      </pubDate>
    <language>ENGLISH</language>
    <abstract>
        <para>This dataset contains the digitized treatments in Plazi based on the original journal article Barcellos, Aline, Grazia, Jocélia (2003): Revision Of Brachystethus (Heteroptera, Pentatomidae, Edessinae). Iheringia, Sér. Zool. 93 (4): 413-446, DOI: 10.1590/S0073-47212003000400008</para>
    </abstract>
      <intellectualRights>
        <para>To the extent possible under law, the publisher has waived all rights to these data and has dedicated them to the <ulink url="http://creativecommons.org/publicdomain/zero/1.0/legalcode"><citetitle>Public Domain (CC0 1.0)</citetitle></ulink>. Users may copy, modify, distribute and use the work, including for commercial purposes, without restriction.</para>
      </intellectualRights>
      <distribution scope="document">
          <online>
              <url function="information">http://tb.plazi.org/GgServer/summary/DD41FFDF990D80314A705E42FF826415</url>
          </online>
      </distribution>
      <contact>
    <individualName>
<givenName>Guido</givenName>          <surName>Sautter</surName>
    </individualName>
<electronicMailAddress>gsautter@gmail.com</electronicMailAddress><onlineUrl>http://plazi.org</onlineUrl>      </contact>

</dataset>

<additionalMetadata>
    <metadata>
      <gbif>
        <dateStamp>2020-12-27T23:08:32Z</dateStamp>
      <citation>Barcellos A, Grazia J, tatiana (2003). Revision Of Brachystethus (Heteroptera, Pentatomidae, Edessinae). Plazi.org taxonomic treatments database. Checklist dataset https://doi.org/10.1590/s0073-47212003000400008 accessed via GBIF.org on 2020-12-27.</citation>
        </gbif>
    </metadata>
</additionalMetadata>

</eml:eml>
