<?xml version="1.0" encoding="utf-8"?>
<eml:eml xmlns:eml="eml://ecoinformatics.org/eml-2.1.1" xmlns:xsi="http://www.w3.org/2001/XMLSchema-instance"
         xsi:schemaLocation="eml://ecoinformatics.org/eml-2.1.1 http://rs.gbif.org/schema/eml-gbif-profile/1.1/eml.xsd"
        packageId="3937c7f9-d611-4ce1-be9d-3d615adb919c"  system="http://gbif.org" scope="system"
  xml:lang="en">

<dataset>
      <alternateIdentifier>10.11646/zootaxa.4290.2.4</alternateIdentifier>
        <alternateIdentifier>3937c7f9-d611-4ce1-be9d-3d615adb919c</alternateIdentifier>
        <alternateIdentifier>10.15468/np3pgn</alternateIdentifier>
        <alternateIdentifier>AB23F5B8-8955-4BD6-9A23-9392EC275686</alternateIdentifier>
        <alternateIdentifier>http://dx.doi.org/https://doi.org/10.11646/zootaxa.4290.2.4</alternateIdentifier>
        <alternateIdentifier>7B70B47EFFE4FFCC3078DE4EFFBCFFE2</alternateIdentifier>
    <title>A taxonomic revision of the Cardiocondyla nuda group (Hymenoptera: Formicidae)</title>
    <creator>
    <individualName>
<givenName>Bernhard</givenName>          <surName>Seifert</surName>
    </individualName>
    </creator>
    <creator>
    <individualName>
<givenName>Ichiro</givenName>          <surName>Okita</surName>
    </individualName>
    </creator>
    <creator>
    <individualName>
<givenName>Jürgen</givenName>          <surName>Heinze</surName>
    </individualName>
    </creator>
    <metadataProvider>
    <individualName>
          <surName>plazi</surName>
    </individualName>
<organizationName>Plazi</organizationName>    </metadataProvider>
    <associatedParty>
<organizationName>Magnolia Press</organizationName>    <address>
<deliveryPoint>St. Lukes 1346</deliveryPoint><city>Auckland</city><country>NEW_ZEALAND</country>    </address>
<electronicMailAddress>magnolia@mapress.com</electronicMailAddress><onlineUrl>http://www.mapress.com/</onlineUrl>    <role>PUBLISHER</role>
    </associatedParty>
    <associatedParty>
<organizationName>Plazi</organizationName>    <address>
<city>Bern</city><country>SWITZERLAND</country>    </address>
<electronicMailAddress>info@plazi.org</electronicMailAddress><onlineUrl>http://plazi.org/</onlineUrl>    <role>DISTRIBUTOR</role>
    </associatedParty>
      <pubDate>
      2017-01-01
      </pubDate>
    <language>ENGLISH</language>
    <abstract>
        <para>This dataset contains the digitized treatments in Plazi based on the original journal article Seifert, Bernhard, Okita, Ichiro, Heinze, Jürgen (2017): A taxonomic revision of the Cardiocondyla nuda group (Hymenoptera: Formicidae). Zootaxa 4290 (2): 324-356, DOI: https://doi.org/10.11646/zootaxa.4290.2.4</para>
    </abstract>
      <intellectualRights>
        <para>To the extent possible under law, the publisher has waived all rights to these data and has dedicated them to the <ulink url="http://creativecommons.org/publicdomain/zero/1.0/legalcode"><citetitle>Public Domain (CC0 1.0)</citetitle></ulink>. Users may copy, modify, distribute and use the work, including for commercial purposes, without restriction.</para>
      </intellectualRights>
      <distribution scope="document">
          <online>
              <url function="information">http://tb.plazi.org/GgServer/summary/7B70B47EFFE4FFCC3078DE4EFFBCFFE2</url>
          </online>
      </distribution>
      <contact>
    <individualName>
<givenName>Guido</givenName>          <surName>Sautter</surName>
    </individualName>
<electronicMailAddress>gsautter@gmail.com</electronicMailAddress><onlineUrl>http://plazi.org</onlineUrl>      </contact>

</dataset>

<additionalMetadata>
    <metadata>
      <gbif>
        <dateStamp>2020-12-27T23:08:31Z</dateStamp>
      <citation>Seifert B, Okita I, Heinze J, plazi (2017). A taxonomic revision of the Cardiocondyla nuda group (Hymenoptera: Formicidae). Plazi.org taxonomic treatments database. Checklist dataset https://doi.org/10.11646/zootaxa.4290.2.4 accessed via GBIF.org on 2020-12-27.</citation>
        </gbif>
    </metadata>
</additionalMetadata>

</eml:eml>
