<?xml version="1.0" encoding="utf-8"?>
<eml:eml xmlns:eml="eml://ecoinformatics.org/eml-2.1.1" xmlns:xsi="http://www.w3.org/2001/XMLSchema-instance"
         xsi:schemaLocation="eml://ecoinformatics.org/eml-2.1.1 http://rs.gbif.org/schema/eml-gbif-profile/1.1/eml.xsd"
        packageId="4a65facc-ae9e-4379-a86f-0d8d34f58096"  system="http://gbif.org" scope="system"
  xml:lang="en">

<dataset>
      <alternateIdentifier>10.5281/zenodo.556479</alternateIdentifier>
        <alternateIdentifier>4a65facc-ae9e-4379-a86f-0d8d34f58096</alternateIdentifier>
        <alternateIdentifier>10.15468/k8z1h3</alternateIdentifier>
        <alternateIdentifier>3EF97DA3-EF37-4D91-8689-2AB9151D1440</alternateIdentifier>
        <alternateIdentifier>FFF8FFB3226CCF25FFEFFF9BFFBC4937</alternateIdentifier>
    <title>Synonymy of Reikosiella Yoshimoto under Merostenus Walker (Hymenoptera: Chalcidoidea: Eupelmidae), with a checklist of world species and a revision of those species with brachypterous females</title>
    <creator>
    <individualName>
<givenName>Gary A. P.</givenName>          <surName>Gibson</surName>
    </individualName>
    </creator>
    <metadataProvider>
    <individualName>
          <surName>plazi</surName>
    </individualName>
<organizationName>Plazi</organizationName>    </metadataProvider>
    <associatedParty>
<organizationName>Magnolia Press</organizationName>    <address>
<deliveryPoint>St. Lukes 1346</deliveryPoint><city>Auckland</city><country>NEW_ZEALAND</country>    </address>
<electronicMailAddress>magnolia@mapress.com</electronicMailAddress><onlineUrl>http://www.mapress.com/</onlineUrl>    <role>PUBLISHER</role>
    </associatedParty>
    <associatedParty>
<organizationName>Plazi</organizationName>    <address>
<city>Bern</city><country>SWITZERLAND</country>    </address>
<electronicMailAddress>info@plazi.org</electronicMailAddress><onlineUrl>http://plazi.org/</onlineUrl>    <role>DISTRIBUTOR</role>
    </associatedParty>
      <pubDate>
      2017-01-01
      </pubDate>
    <language>ENGLISH</language>
    <abstract>
        <para>This dataset contains the digitized treatments in Plazi based on the original journal article Gibson, Gary A. P. (2017): Synonymy of Reikosiella Yoshimoto under Merostenus Walker (Hymenoptera: Chalcidoidea: Eupelmidae), with a checklist of world species and a revision of those species with brachypterous females. Zootaxa 4255 (1): 1-65, DOI: 10.5281/zenodo.556479</para>
    </abstract>
      <intellectualRights>
        <para>To the extent possible under law, the publisher has waived all rights to these data and has dedicated them to the <ulink url="http://creativecommons.org/publicdomain/zero/1.0/legalcode"><citetitle>Public Domain (CC0 1.0)</citetitle></ulink>. Users may copy, modify, distribute and use the work, including for commercial purposes, without restriction.</para>
      </intellectualRights>
      <distribution scope="document">
          <online>
              <url function="information">http://tb.plazi.org/GgServer/summary/FFF8FFB3226CCF25FFEFFF9BFFBC4937</url>
          </online>
      </distribution>
      <contact>
    <individualName>
<givenName>Guido</givenName>          <surName>Sautter</surName>
    </individualName>
<electronicMailAddress>gsautter@gmail.com</electronicMailAddress><onlineUrl>http://plazi.org</onlineUrl>      </contact>

</dataset>

<additionalMetadata>
    <metadata>
      <gbif>
        <dateStamp>2020-12-27T23:08:32Z</dateStamp>
      <citation>Gibson G A P, plazi (2017). Synonymy of Reikosiella Yoshimoto under Merostenus Walker (Hymenoptera: Chalcidoidea: Eupelmidae), with a checklist of world species and a revision of those species with brachypterous females. Plazi.org taxonomic treatments database. Checklist dataset https://doi.org/10.5281/zenodo.556479 accessed via GBIF.org on 2020-12-27.</citation>
        </gbif>
    </metadata>
</additionalMetadata>

</eml:eml>
