<?xml version="1.0" encoding="utf-8"?>
<eml:eml xmlns:eml="eml://ecoinformatics.org/eml-2.1.1" xmlns:xsi="http://www.w3.org/2001/XMLSchema-instance"
         xsi:schemaLocation="eml://ecoinformatics.org/eml-2.1.1 http://rs.gbif.org/schema/eml-gbif-profile/1.1/eml.xsd"
        packageId="60161840-b9ca-420f-9ef4-c0918e409da6"  system="http://gbif.org" scope="system"
  xml:lang="en">

<dataset>
      <alternateIdentifier>10.11646/zootaxa.4683.2.3</alternateIdentifier>
        <alternateIdentifier>60161840-b9ca-420f-9ef4-c0918e409da6</alternateIdentifier>
        <alternateIdentifier>10.15468/fkvxth</alternateIdentifier>
        <alternateIdentifier>C1558CDD-AD51-4CB5-A170-003ED5D5E461</alternateIdentifier>
        <alternateIdentifier>FFCBFFE6815EFFFDFFDAFD04A92CFFBD</alternateIdentifier>
    <title>Revision of the black fungus gnat species (Diptera: Sciaridae) described by W. A. Steffan from Micronesia</title>
    <creator>
    <individualName>
<givenName>Adam</givenName>          <surName>Broadley</surName>
    </individualName>
    </creator>
    <creator>
    <individualName>
<givenName>Ellen</givenName>          <surName>Kauschke</surName>
    </individualName>
    </creator>
    <creator>
    <individualName>
<givenName>Werner</givenName>          <surName>Mohrig</surName>
    </individualName>
    </creator>
    <metadataProvider>
    <individualName>
          <surName>plazi</surName>
    </individualName>
<organizationName>Plazi</organizationName>    </metadataProvider>
    <associatedParty>
<organizationName>Magnolia Press</organizationName>    <address>
<deliveryPoint>St. Lukes 1346</deliveryPoint><city>Auckland</city><country>NEW_ZEALAND</country>    </address>
<electronicMailAddress>magnolia@mapress.com</electronicMailAddress><onlineUrl>http://www.mapress.com/</onlineUrl>    <role>PUBLISHER</role>
    </associatedParty>
    <associatedParty>
<organizationName>Plazi</organizationName>    <address>
<city>Bern</city><country>SWITZERLAND</country>    </address>
<electronicMailAddress>info@plazi.org</electronicMailAddress><onlineUrl>http://plazi.org/</onlineUrl>    <role>DISTRIBUTOR</role>
    </associatedParty>
      <pubDate>
      2019-01-01
      </pubDate>
    <language>ENGLISH</language>
    <abstract>
        <para>This dataset contains the digitized treatments in Plazi based on the original journal article Broadley, Adam, Kauschke, Ellen, Mohrig, Werner (2019): Revision of the black fungus gnat species (Diptera: Sciaridae) described by W. A. Steffan from Micronesia. Zootaxa 4683 (2): 215-241, DOI: https://doi.org/10.11646/zootaxa.4683.2.3</para>
    </abstract>
      <intellectualRights>
        <para>To the extent possible under law, the publisher has waived all rights to these data and has dedicated them to the <ulink url="http://creativecommons.org/publicdomain/zero/1.0/legalcode"><citetitle>Public Domain (CC0 1.0)</citetitle></ulink>. Users may copy, modify, distribute and use the work, including for commercial purposes, without restriction.</para>
      </intellectualRights>
      <distribution scope="document">
          <online>
              <url function="information">http://tb.plazi.org/GgServer/summary/FFCBFFE6815EFFFDFFDAFD04A92CFFBD</url>
          </online>
      </distribution>
      <contact>
    <individualName>
<givenName>Guido</givenName>          <surName>Sautter</surName>
    </individualName>
<electronicMailAddress>gsautter@gmail.com</electronicMailAddress><onlineUrl>http://plazi.org</onlineUrl>      </contact>

</dataset>

<additionalMetadata>
    <metadata>
      <gbif>
        <dateStamp>2020-12-27T23:08:32Z</dateStamp>
      <citation>Broadley A, Kauschke E, Mohrig W, plazi (2019). Revision of the black fungus gnat species (Diptera: Sciaridae) described by W. A. Steffan from Micronesia. Plazi.org taxonomic treatments database. Checklist dataset https://doi.org/10.11646/zootaxa.4683.2.3 accessed via GBIF.org on 2020-12-27.</citation>
        </gbif>
    </metadata>
</additionalMetadata>

</eml:eml>
