<?xml version="1.0" encoding="utf-8"?>
<eml:eml xmlns:eml="eml://ecoinformatics.org/eml-2.1.1" xmlns:xsi="http://www.w3.org/2001/XMLSchema-instance"
         xsi:schemaLocation="eml://ecoinformatics.org/eml-2.1.1 http://rs.gbif.org/schema/eml-gbif-profile/1.1/eml.xsd"
        packageId="68c30283-d2a7-4742-96cb-52e249598ff9"  system="http://gbif.org" scope="system"
  xml:lang="en">

<dataset>
      <alternateIdentifier>10.15468/bqkybh</alternateIdentifier>
        <alternateIdentifier>https://www.gbif.jp/ipt/resource?r=hyo-ent</alternateIdentifier>
        <alternateIdentifier>http://www.gbif.jp/ipt/resource.do?r=hyo-ent</alternateIdentifier>
        <alternateIdentifier>68c30283-d2a7-4742-96cb-52e249598ff9</alternateIdentifier>
        <alternateIdentifier>14648</alternateIdentifier>
    <title>Entomological Specimens of Museum of Nature and Human Activities, Hyogo Pref., Japan</title>
    <creator>
    <individualName>
<givenName>Yasuo</givenName>          <surName>Ezaki</surName>
    </individualName>
<organizationName>Museum of Nature and Human Activities, Hyogo Pref.</organizationName><positionName>Professor</positionName>    <address>
<country>JAPAN</country>    </address>
<electronicMailAddress>ezaki@hitohaku.jp</electronicMailAddress><onlineUrl>http://www.nat-museum.sanda.hyogo.jp/english/index.html</onlineUrl>    </creator>
    <metadataProvider>
    <individualName>
<givenName>Yasuo</givenName>          <surName>Ezaki</surName>
    </individualName>
<organizationName>Museum of Nature and Human Activities, Hyogo Pref.</organizationName><positionName>Professor</positionName>    <address>
<country>JAPAN</country>    </address>
<electronicMailAddress>ezaki@hitohaku.jp</electronicMailAddress><onlineUrl>http://www.nat-museum.sanda.hyogo.jp/english/index.html</onlineUrl>    </metadataProvider>
    <associatedParty>
    <individualName>
<givenName>Yasuo</givenName>          <surName>Ezaki</surName>
    </individualName>
<organizationName>Museum of Nature and Human Activities, Hyogo Pref.</organizationName><positionName>Professor</positionName>    <address>
<country>JAPAN</country>    </address>
<electronicMailAddress>ezaki@hitohaku.jp</electronicMailAddress><onlineUrl>http://www.nat-museum.sanda.hyogo.jp/english/index.html</onlineUrl>    <role>USER</role>
    </associatedParty>
      <pubDate>
      2020-12-15
      </pubDate>
    <language>ENGLISH</language>
    <abstract>
        <para>Insect Specimens deposited in Museum of Nature and Human Activities, Hyogo Pref., Japan.</para>
    </abstract>
        <keywordSet>
              <keyword>Insect</keyword>
              <keywordThesaurus>n/a</keywordThesaurus>
        </keywordSet>
        <keywordSet>
              <keyword>Occurrence</keyword>
              <keywordThesaurus>GBIF Dataset Type Vocabulary: http://rs.gbif.org/vocabulary/gbif/dataset_type.xml</keywordThesaurus>
        </keywordSet>
        <keywordSet>
              <keyword>Specimen</keyword>
              <keywordThesaurus>GBIF Dataset Subtype Vocabulary: http://rs.gbif.org/vocabulary/gbif/dataset_subtype.xml</keywordThesaurus>
        </keywordSet>
        <keywordSet>
              <keyword>Occurrence</keyword>
              <keywordThesaurus>GBIF Dataset Type Vocabulary: http://rs.gbif.org/vocabulary/gbif/dataset_type_2015-07-10.xml</keywordThesaurus>
        </keywordSet>
      <intellectualRights>
        <para>This work is licensed under a <ulink url="http://creativecommons.org/licenses/by/4.0/legalcode"><citetitle>Creative Commons Attribution (CC-BY) 4.0 License</citetitle></ulink>.</para>
      </intellectualRights>
      <maintenance>
          <description>
              <para></para>
          </description>
          <maintenanceUpdateFrequency>unkown</maintenanceUpdateFrequency>
      </maintenance>
      <contact>
    <individualName>
<givenName>Yasuo</givenName>          <surName>Ezaki</surName>
    </individualName>
<organizationName>Museum of Nature and Human Activities, Hyogo Pref.</organizationName><positionName>Professor</positionName>    <address>
<country>JAPAN</country>    </address>
<electronicMailAddress>ezaki@hitohaku.jp</electronicMailAddress><onlineUrl>http://www.nat-museum.sanda.hyogo.jp/english/index.html</onlineUrl>      </contact>

</dataset>

<additionalMetadata>
    <metadata>
      <gbif>
        <dateStamp>2020-12-27T23:08:31Z</dateStamp>
      <citation>Ezaki Y (2020). Entomological Specimens of Museum of Nature and Human Activities, Hyogo Pref., Japan. Version 2.1. National Institute of Genetics, ROIS. Occurrence dataset https://doi.org/10.15468/bqkybh accessed via GBIF.org on 2020-12-27.</citation>
        </gbif>
    </metadata>
</additionalMetadata>

</eml:eml>
