<?xml version="1.0" encoding="utf-8"?>
<eml:eml xmlns:eml="eml://ecoinformatics.org/eml-2.1.1" xmlns:xsi="http://www.w3.org/2001/XMLSchema-instance"
         xsi:schemaLocation="eml://ecoinformatics.org/eml-2.1.1 http://rs.gbif.org/schema/eml-gbif-profile/1.1/eml.xsd"
        packageId="ac9a4b1b-b3d2-4bb0-9ed3-0232012e96c2"  system="http://gbif.org" scope="system"
  xml:lang="en">

<dataset>
      <alternateIdentifier>10.11646/zootaxa.4671.2.9</alternateIdentifier>
        <alternateIdentifier>10.15468/qx6u2p</alternateIdentifier>
        <alternateIdentifier>532E84A9-7D58-4FDE-81DF-DD9F62B6742D</alternateIdentifier>
        <alternateIdentifier>ac9a4b1b-b3d2-4bb0-9ed3-0232012e96c2</alternateIdentifier>
        <alternateIdentifier>FF8CFFA8670B6E07724BFFD4FFC64D1E</alternateIdentifier>
    <title>On the origin of Anagyrus callidus (Hymenoptera: Encyrtidae), a parasitoid of pink hibiscus mealybug Maconellicoccus hirsutus (Hemiptera: Pseudococcidae)</title>
    <creator>
    <individualName>
<givenName>Serguei V.</givenName>          <surName>Triapitsyn</surName>
    </individualName>
    </creator>
    <creator>
    <individualName>
<givenName>Sharon A.</givenName>          <surName>Andreason</surName>
    </individualName>
    </creator>
    <creator>
    <individualName>
<givenName>Chrysalyn</givenName>          <surName>Dominguez</surName>
    </individualName>
    </creator>
    <creator>
    <individualName>
<givenName>Thomas M.</givenName>          <surName>Perring</surName>
    </individualName>
    </creator>
    <metadataProvider>
    <individualName>
          <surName>plazi</surName>
    </individualName>
<organizationName>Plazi</organizationName>    </metadataProvider>
    <associatedParty>
<organizationName>Magnolia Press</organizationName>    <address>
<deliveryPoint>St. Lukes 1346</deliveryPoint><city>Auckland</city><country>NEW_ZEALAND</country>    </address>
<electronicMailAddress>magnolia@mapress.com</electronicMailAddress><onlineUrl>http://www.mapress.com/</onlineUrl>    <role>PUBLISHER</role>
    </associatedParty>
    <associatedParty>
<organizationName>Plazi</organizationName>    <address>
<city>Bern</city><country>SWITZERLAND</country>    </address>
<electronicMailAddress>info@plazi.org</electronicMailAddress><onlineUrl>http://plazi.org/</onlineUrl>    <role>DISTRIBUTOR</role>
    </associatedParty>
      <pubDate>
      2019-01-01
      </pubDate>
    <language>ENGLISH</language>
    <abstract>
        <para>This dataset contains the digitized treatments in Plazi based on the original journal article Triapitsyn, Serguei V., Andreason, Sharon A., Dominguez, Chrysalyn, Perring, Thomas M. (2019): On the origin of Anagyrus callidus (Hymenoptera: Encyrtidae), a parasitoid of pink hibiscus mealybug Maconellicoccus hirsutus (Hemiptera: Pseudococcidae). Zootaxa 4671 (2): 283-289, DOI: https://doi.org/10.11646/zootaxa.4671.2.9</para>
    </abstract>
      <intellectualRights>
        <para>To the extent possible under law, the publisher has waived all rights to these data and has dedicated them to the <ulink url="http://creativecommons.org/publicdomain/zero/1.0/legalcode"><citetitle>Public Domain (CC0 1.0)</citetitle></ulink>. Users may copy, modify, distribute and use the work, including for commercial purposes, without restriction.</para>
      </intellectualRights>
      <distribution scope="document">
          <online>
              <url function="information">http://tb.plazi.org/GgServer/summary/FF8CFFA8670B6E07724BFFD4FFC64D1E</url>
          </online>
      </distribution>
      <contact>
    <individualName>
<givenName>Guido</givenName>          <surName>Sautter</surName>
    </individualName>
<electronicMailAddress>gsautter@gmail.com</electronicMailAddress><onlineUrl>http://plazi.org</onlineUrl>      </contact>

</dataset>

<additionalMetadata>
    <metadata>
      <gbif>
        <dateStamp>2020-12-27T23:08:31Z</dateStamp>
      <citation>Triapitsyn S V, Andreason S A, Dominguez C, Perring T M, plazi (2019). On the origin of Anagyrus callidus (Hymenoptera: Encyrtidae), a parasitoid of pink hibiscus mealybug Maconellicoccus hirsutus (Hemiptera: Pseudococcidae). Plazi.org taxonomic treatments database. Checklist dataset https://doi.org/10.11646/zootaxa.4671.2.9 accessed via GBIF.org on 2020-12-27.</citation>
        </gbif>
    </metadata>
</additionalMetadata>

</eml:eml>
