<?xml version="1.0" encoding="utf-8"?>
<eml:eml xmlns:eml="eml://ecoinformatics.org/eml-2.1.1" xmlns:xsi="http://www.w3.org/2001/XMLSchema-instance"
         xsi:schemaLocation="eml://ecoinformatics.org/eml-2.1.1 http://rs.gbif.org/schema/eml-gbif-profile/1.1/eml.xsd"
        packageId="beed1b50-8c73-11dc-aaed-b8a03c50a862"  system="http://gbif.org" scope="system"
  xml:lang="en">

<dataset>
      <alternateIdentifier>10.15468/s1hm8r</alternateIdentifier>
        <alternateIdentifier>https://collections.ala.org.au/public/show/dr130</alternateIdentifier>
        <alternateIdentifier>dafac893-24b9-3849-8541-984ebea0601e</alternateIdentifier>
        <alternateIdentifier>http://collections.ala.org.au/public/show/dr130</alternateIdentifier>
        <alternateIdentifier>beed1b50-8c73-11dc-aaed-b8a03c50a862</alternateIdentifier>
        <alternateIdentifier>68273716-89e8-310a-9922-6dccb21d1d3f</alternateIdentifier>
        <alternateIdentifier>884ace29-6d60-3ae6-97bf-a3e2fe3c1e7c</alternateIdentifier>
        <alternateIdentifier>14106</alternateIdentifier>
    <title>Australian National Insect Collection</title>
    <creator>
<organizationName>Australian National Insect Collection, CSIRO</organizationName>    <address>
<deliveryPoint>Clunies Ross Street</deliveryPoint><city>Canberra</city><administrativeArea>ACT</administrativeArea><postalCode>2601</postalCode><country>AUSTRALIA</country>    </address>
<onlineUrl>http://www.csiro.au/places/ANIC</onlineUrl>    </creator>
    <creator>
<organizationName>Australian National Insect Collection</organizationName>    <address>
<deliveryPoint>Clunies Ross Street</deliveryPoint><city>Canberra</city><administrativeArea>ACT</administrativeArea><postalCode>2601</postalCode><country>AUSTRALIA</country>    </address>
<onlineUrl>http://www.csiro.au/places/ANIC</onlineUrl>    </creator>
    <metadataProvider>
<organizationName>Australian National Insect Collection, CSIRO</organizationName>    <address>
<deliveryPoint>Clunies Ross Street</deliveryPoint><city>Canberra</city><administrativeArea>ACT</administrativeArea><postalCode>2601</postalCode><country>AUSTRALIA</country>    </address>
<onlineUrl>http://www.csiro.au/places/ANIC</onlineUrl>    </metadataProvider>
    <associatedParty>
<organizationName>Atlas of Living Australia</organizationName>    <address>
<deliveryPoint>CSIRO Ecosystems Services</deliveryPoint><city>Canberra</city><administrativeArea>ACT</administrativeArea><postalCode>2601</postalCode><country>AUSTRALIA</country>    </address>
<electronicMailAddress>info@ala.org.au</electronicMailAddress>    <role>DISTRIBUTOR</role>
    </associatedParty>
      <pubDate>
      2019-09-26
      </pubDate>
    <language>ENGLISH</language>
    <abstract>
        <para>The Australian National Insect Collection is recognized both nationally and internationally as a major research collection. It is the world&amp;#39;s largest collection of Australian insects and related groups such as mites, spiders, nematodes and centipedes housing over 12 million specimens.</para>
    </abstract>
      <intellectualRights>
        <para>This work is licensed under a <ulink url="http://creativecommons.org/licenses/by/4.0/legalcode"><citetitle>Creative Commons Attribution (CC-BY) 4.0 License</citetitle></ulink>.</para>
      </intellectualRights>
      <distribution scope="document">
          <online>
              <url function="information">https://collections.ala.org.au/public/show/dr130</url>
          </online>
      </distribution>
      <contact>
    <individualName>
<givenName>Nicole</givenName>          <surName>Fisher</surName>
    </individualName>
<positionName>ANIC Manager</positionName><phone>(02) 6246 4261</phone><electronicMailAddress>Nicole.Fisher@csiro.au</electronicMailAddress>      </contact>
      <methods>
      </methods>

</dataset>

<additionalMetadata>
    <metadata>
      <gbif>
        <dateStamp>2020-12-27T23:08:34Z</dateStamp>
      <citation>Commonwealth Scientific and Industrial Research Organisation (2019). Australian National Insect Collection. Occurrence dataset https://doi.org/10.15468/s1hm8r accessed via GBIF.org on 2020-12-27.</citation>
              <resourceLogoUrl>https://collections.ala.org.au/data/dataResource/CSIRO_Grad_RGB_lr.jpg</resourceLogoUrl>
        </gbif>
    </metadata>
</additionalMetadata>

</eml:eml>
