<?xml version="1.0" encoding="utf-8"?>
<eml:eml xmlns:eml="eml://ecoinformatics.org/eml-2.1.1" xmlns:xsi="http://www.w3.org/2001/XMLSchema-instance"
         xsi:schemaLocation="eml://ecoinformatics.org/eml-2.1.1 http://rs.gbif.org/schema/eml-gbif-profile/1.1/eml.xsd"
        packageId="10.15468/dl.yhcbn7"  system="http://gbif.org" scope="system"
  xml:lang="en">

<dataset>
        <alternateIdentifier>0145234-200613084148143</alternateIdentifier>
    <title>GBIF Occurrence Download 10.15468/dl.yhcbn7</title>
    <creator>
    <individualName>
          <surName>GBIF Download Service</surName>
    </individualName>
<electronicMailAddress>support@gbif.org</electronicMailAddress>    </creator>
    <metadataProvider>
    <individualName>
          <surName>GBIF Download Service</surName>
    </individualName>
<electronicMailAddress>support@gbif.org</electronicMailAddress>    </metadataProvider>
      <pubDate>
      2020-12-27
      </pubDate>
    <language>ENGLISH</language>
    <abstract>
        <para>A dataset containing all occurrences available in GBIF matching the query:
{
  &quot;and&quot; : [
    &quot;Country is Guam&quot;,
    &quot;TaxonKey is Insecta&quot;
  ]
}
The dataset includes records from the following constituent datasets. The full metadata for each constituent is also included in this archive:
1 records from First record of Eggplant Mealybug, Coccidohystrix insolita (Hemiptera: Pseudococcidae), on Guam: Potentially a major pest
1 records from On the origin of Anagyrus callidus (Hymenoptera: Encyrtidae), a parasitoid of pink hibiscus mealybug Maconellicoccus hirsutus (Hemiptera: Pseudococcidae)
1 records from New ants (Hymenoptera: Formicidae) from Micronesia
1 records from hymenoptera
1 records from ZFMK Phthiraptera collection
1 records from Bee Biology and Systematics Laboratory
1 records from Lund Museum of Zoology - Insect collections (MZLU)
1 records from Global compendium of Aedes albopictus occurrence
1 records from A taxonomic revision of the Cardiocondyla nuda group (Hymenoptera: Formicidae)
1 records from DMNS Marine Invertebrate Collection (Arctos)
1 records from Entomological Specimens of Museum of Nature and Human Activities, Hyogo Pref., Japan
1 records from Cleveland Museum of Natural History
2 records from UF Invertebrate Zoology
2 records from NOAA Deep Sea Corals Research and Technology Program
2 records from Lyman Entomological Museum (LEMQ)
2 records from New ants (Hymenoptera: Formicidae) from Micronesia.
3 records from Swiss Psyllid (Hemiptera) Collections - Geneva
3 records from C.P. Gillette Museum of Arthropod Diversity
3 records from Synonymy of Reikosiella Yoshimoto under Merostenus Walker (Hymenoptera: Chalcidoidea: Eupelmidae), with a checklist of world species and a revision of those species with brachypterous females
4 records from Entomology Division, Yale Peabody Museum
4 records from Queensland Museum provider for OZCAM
4 records from Revision of the black fungus gnat species (Diptera: Sciaridae) described by W. A. Steffan from Micronesia
6 records from Australian Museum provider for OZCAM
6 records from Revision Of Brachystethus (Heteroptera, Pentatomidae, Edessinae)
7 records from UTEP Insects (Arctos)
8 records from University of Alberta E. H. Strickland Entomological Museum (UASM)
8 records from Entomological Collections (NHRS), Swedish Museum of Natural History (NRM)
8 records from University of Hawaii Insect Museum
8 records from Field Museum of Natural History (Zoology) Insect, Arachnid and Myriapod Collection
9 records from San Diego Natural History Museum Entomology Department
10 records from Mississippi Entomological Museum
17 records from Gunma Museum of Natural History, Insect Specimen
19 records from Museum of Comparative Zoology, Harvard University
20 records from C.A. Triplehorn Insect Collection (OSUC), Ohio State University
26 records from CAS Entomology (ENT)
42 records from Essig Museum of Entomology
48 records from Wichita State University Collection
52 records from AntWeb
63 records from Australian National Insect Collection
100 records from International Barcode of Life project (iBOL)
132 records from Geographically tagged INSDC sequences
235 records from Natural History Museum (London) Collection Specimens
457 records from iNaturalist Research-grade Observations
680 records from NMNH Extant Specimen Records
1466 records from Stuart M. Fullerton Collection of Arthropods (UCFC), University of Central Florida
15136 records from University of Guam Insect Collection
</para>
    </abstract>
      <contact>
    <individualName>
          <surName>GBIF Download Service</surName>
    </individualName>
<electronicMailAddress>support@gbif.org</electronicMailAddress>      </contact>

</dataset>

<additionalMetadata>
    <metadata>
      <gbif>
        <dateStamp>2020-12-27T23:08:35Z</dateStamp>
      <citation identifier="10.15468/dl.yhcbn7">GBIF Occurrence Download 10.15468/dl.yhcbn7</citation>
              <physical>
                  <objectName>Darwin Core Archive</objectName>
                  <characterEncoding>UTF-8</characterEncoding>
                  <dataFormat>
                      <externallyDefinedFormat>
                          <formatName>Darwin Core Archive</formatName>
                      </externallyDefinedFormat>
                  </dataFormat>
                  <distribution>
                      <online>
                          <url function="download">https://api.gbif.org/v1/occurrence/download/request/0145234-200613084148143.zip</url>
                      </online>
                  </distribution>
              </physical>
        </gbif>
    </metadata>
</additionalMetadata>

</eml:eml>
